[
  {
    "name": "Londres",
    "image": "/images/cities/londres.png",
    "country": "Reino Unido",
    "country_flag": "/images/flags/inglaterra.png",
    "continent_id": "europe"
  },
  {
    "name": "Paris",
    "image": "/images/cities/paris.png",
    "country": "França",
    "country_flag": "/images/flags/franca.png",
    "continent_id": "europe"
  },
  {
    "name": "Roma",
    "image": "/images/cities/roma.png",
    "country": "Itália",
    "country_flag": "/images/flags/italia.png",
    "continent_id": "europe"
  },
  {
    "name": "Praga",
    "image": "/images/cities/praga.png",
    "country": "República Tcheca",
    "country_flag": "/images/flags/tcheca.png",
    "continent_id": "europe"
  },
  {
    "name": "Amsterdã",
    "image": "/images/cities/amsterda.png",
    "country": "Holanda",
    "country_flag": "/images/flags/holanda.png",
    "continent_id": "europe"
  },
  {
    "name": "Rio de Janeiro",
    "image": "/images/cities/rio-de-janeiro.png",
    "country": "Brasil",
    "country_flag": "/images/flags/brasil.png",
    "continent_id": "south-america"
  },
  {
    "name": "Buenos Aires",
    "image": "/images/cities/buenos-aires.png",
    "country": "Argentina",
    "country_flag": "/images/flags/argentina.png",
    "continent_id": "south-america"
  },
  {
    "name": "Santiago",
    "image": "/images/cities/santiago.png",
    "country": "Argentina",
    "country_flag": "/images/flags/chile.png",
    "continent_id": "south-america"
  },
  {
    "name": "Natal",
    "image": "/images/cities/natal.png",
    "country": "Brasil",
    "country_flag": "/images/flags/brasil.png",
    "continent_id": "south-america"
  }
]
